label,text
ham,A/c XX1409 debited INR 499.00 for UPI to myntra@okaxis. Ref 3342331444. -Union Bank
ham,Use OTP 1488 to log in to Blinkit. Do not share this code with anyone.
ham,Order delivered! Your Dunzo package was handed to you at 9:45 PM. Rate us in the app.
ham,688508 is the OTP for your transaction at Myntra. Valid for 10 min. Never share OTP. -Union Bank
ham,Your Rapido captain Shiva is 6 min away. Bike KA18X1106.
ham,Your Nykaa order has been shipped and will arrive by Friday. Track it in the app.
ham,Your water bill of Rs 150.00 is generated. Due date 25-Oct. Pay via the official BWSSB portal.
ham,Your booking for Devara at PVR is confirmed. Seats A13. Show at 2 PM.
ham,Refund of Rs 675.50 for your cancelled Zepto order has been initiated. It will reach your account in 3-5 working days.
ham,Your FASTag XX9785 was charged Rs 45 at Hoskote toll plaza. Bal Rs 99.50.
ham,"Refund of Rs 8,600.00 for your cancelled Blinkit order has been initiated. It will reach your account in 3-5 working days."
ham,Use OTP 4733 to log in to Myntra. Do not share this code with anyone.
ham,INR 230.00 spent on your Union Bank card XX5554 at DOMINOS on 21-Sep. Not you? Block card from the app.
ham,Refund of Rs 150.50 for your cancelled Meesho order has been initiated. It will reach your account in 3-5 working days.
ham,Order delivered! Your Myntra package was handed to you at 12:45 PM. Rate us in the app.
ham,"INR 8,600.00 spent on your Canara Bank card XX3677 at DOMINOS on 13-Sep. Not you? Block card from the app."
ham,"Your water bill of Rs 3,999.00 is generated. Due date 22-Oct. Pay via the official BWSSB portal."
ham,Your booking for Devara at PVR is confirmed. Seats B2. Show at 6 PM.
ham,"Dear Student, IA-2 for DBMS will be held on 7-Oct. Check the timetable on the college portal."
ham,Your booking for Kantara 2 at PVR is confirmed. Seats F16. Show at 7 PM.
ham,Your FASTag XX3340 was charged Rs 135 at Nelamangala toll plaza. Bal Rs 230.50.
ham,Your LPG cylinder booking is confirmed. Booking no 7700828. Delivery in 2 days. -Indane
ham,Refund of Rs 230.00 for your cancelled Ajio order has been initiated. It will reach your account in 3-5 working days.
ham,INR 49.00 spent on your PNB card XX3621 at RAPIDO on 20-Sep. Not you? Block card from the app.
ham,"INR 1,200.50 spent on your Yes Bank card XX9669 at BOOKMYSHOW on 18-Sep. Not you? Block card from the app."
ham,813328 is the OTP for your transaction at Blinkit. Valid for 10 min. Never share OTP. -Bank of Baroda
ham,Your booking for Devara at PVR is confirmed. Seats C14. Show at 3 PM.
ham,Your FASTag XX1053 was charged Rs 135 at Attibele toll plaza. Bal Rs 150.00.
ham,Your BSNL plan expires in 2 days. Recharge in the official app to continue services.
ham,Refund of Rs 150.00 for your cancelled Meesho order has been initiated. It will reach your account in 3-5 working days.
ham,Your appointment with Dr Rao is confirmed for 4-Oct at 11:30 AM.
ham,Your BSNL plan expires in 1 days. Recharge in the official app to continue services.
ham,Your Rapido captain Ravi is 2 min away. Bike KA47X8962.
ham,"INR 3,999.00 spent on your PNB card XX8787 at NYKAA on 6-Sep. Not you? Block card from the app."
ham,"Your water bill of Rs 3,999.50 is generated. Due date 7-Oct. Pay via the official BWSSB portal."
ham,Sure see you tomorrow
ham,"Dear Student, IA-3 for ML will be held on 15-Oct. Check the timetable on the college portal."
ham,Da send the lab record pic
ham,Your Rapido captain Manju is 2 min away. Bike KA22X1344.
ham,Sure reached home
ham,174441 is the OTP for your transaction at Zepto. Valid for 10 min. Never share OTP. -Canara Bank
ham,INR 49.50 spent on your Kotak Bank card XX9423 at MYNTRA on 9-Sep. Not you? Block card from the app.
ham,Your appointment with Dr Shetty is confirmed for 18-Oct at 10:30 AM.
ham,Your appointment with Dr Shetty is confirmed for 26-Oct at 12:30 AM.
ham,Your LPG cylinder booking is confirmed. Booking no 4194548. Delivery in 2 days. -Indane
ham,"A/c XX2588 debited INR 1,200.50 for UPI to rapido@okaxis. Ref 7060638140. -ICICI Bank"
ham,"A/c XX1993 debited INR 1,200.50 for UPI to blinkit@okaxis. Ref 2067970820. -Canara Bank"
ham,Haan reached home
ham,Your LPG cylinder booking is confirmed. Booking no 4078418. Delivery in 2 days. -Indane
ham,"Your water bill of Rs 2,450.00 is generated. Due date 28-Oct. Pay via the official BWSSB portal."
ham,"INR 2,450.00 spent on your ICICI Bank card XX9856 at ZEPTO on 3-Sep. Not you? Block card from the app."
ham,Your Rapido captain Manju is 5 min away. Bike KA32X8886.
ham,Order delivered! Your Nykaa package was handed to you at 1:05 PM. Rate us in the app.
ham,"Dear Student, IA-1 for CN will be held on 9-Oct. Check the timetable on the college portal."
ham,"Your FASTag XX5673 was charged Rs 230 at Attibele toll plaza. Bal Rs 3,999.50."
ham,"A/c XX4111 credited with INR 499.00 from ANIL via UPI. Avl bal INR 8,600.00. -IDFC FIRST"
ham,Use OTP 1821 to log in to Ajio. Do not share this code with anyone.
ham,Machaa where are you
ham,Use OTP 9320 to log in to Blinkit. Do not share this code with anyone.
ham,Your Blinkit order has been shipped and will arrive by Monday. Track it in the app.
ham,INR 230.50 spent on your Kotak Bank card XX5033 at MEESHO on 20-Sep. Not you? Block card from the app.
ham,Use OTP 2343 to log in to Nykaa. Do not share this code with anyone.
ham,Da canteen?
ham,Order delivered! Your Meesho package was handed to you at 4:20 PM. Rate us in the app.
ham,"Dear Student, IA-1 for ML will be held on 15-Oct. Check the timetable on the college portal."
ham,Your booking for Devara at PVR is confirmed. Seats A15. Show at 10 PM.
ham,"A/c XX2200 debited INR 3,999.00 for UPI to nykaa@okaxis. Ref 2139027119. -IDFC FIRST"
ham,INR 230.50 spent on your Bank of Baroda card XX3584 at DOMINOS on 27-Sep. Not you? Block card from the app.
ham,Done will call you after class
ham,A/c XX5333 credited with INR 99.00 from KIRAN M via UPI. Avl bal INR 499.50. -Canara Bank
ham,Your booking for Kantara 2 at PVR is confirmed. Seats F9. Show at 9 PM.
ham,Your appointment with Dr Iyer is confirmed for 28-Oct at 9:30 AM.
ham,"INR 1,200.50 spent on your ICICI Bank card XX1058 at IRCTC on 25-Sep. Not you? Block card from the app."
ham,"A/c XX5291 credited with INR 150.50 from SANJAY via UPI. Avl bal INR 3,999.00. -Kotak Bank"
ham,INR 150.00 spent on your IDFC FIRST card XX3426 at RAPIDO on 5-Sep. Not you? Block card from the app.
ham,Use OTP 6050 to log in to Meesho. Do not share this code with anyone.
ham,Use OTP 6862 to log in to Dunzo. Do not share this code with anyone.
ham,Your Rapido captain Ravi is 4 min away. Bike KA50X7658.
ham,A/c XX4878 credited with INR 150.00 from SANJAY via UPI. Avl bal INR 49.00. -IDFC FIRST
ham,Your LPG cylinder booking is confirmed. Booking no 5163555. Delivery in 2 days. -Indane
ham,Your water bill of Rs 150.00 is generated. Due date 13-Oct. Pay via the official BWSSB portal.
ham,Use OTP 8711 to log in to Dunzo. Do not share this code with anyone.
ham,Order delivered! Your Ajio package was handed to you at 6:20 PM. Rate us in the app.
ham,Your Rapido captain Manju is 2 min away. Bike KA43X4164.
ham,"Dear Student, IA-2 for ML will be held on 28-Oct. Check the timetable on the college portal."
ham,INR 499.50 spent on your Union Bank card XX9785 at IRCTC on 1-Sep. Not you? Block card from the app.
ham,A/c XX5279 debited INR 150.50 for UPI to zepto@okaxis. Ref 7161404428. -IDFC FIRST
ham,Your LPG cylinder booking is confirmed. Booking no 9580255. Delivery in 2 days. -Indane
ham,"A/c XX7311 debited INR 8,600.00 for UPI to bookmyshow@okaxis. Ref 9780573290. -Union Bank"
ham,645175 is the OTP for your transaction at Nykaa. Valid for 10 min. Never share OTP. -Canara Bank
ham,"Refund of Rs 1,200.00 for your cancelled Meesho order has been initiated. It will reach your account in 3-5 working days."
ham,Your booking for Devara at PVR is confirmed. Seats F10. Show at 9 PM.
ham,Your Jio plan expires in 3 days. Recharge in the official app to continue services.
ham,"Dear Student, IA-3 for ML will be held on 18-Oct. Check the timetable on the college portal."
ham,"A/c XX4143 credited with INR 1,200.50 from KIRAN M via UPI. Avl bal INR 8,600.50. -Union Bank"
ham,Ok see you tomorrow
ham,Your BSNL plan expires in 4 days. Recharge in the official app to continue services.
ham,Your booking for Jawan at PVR is confirmed. Seats D15. Show at 4 PM.
ham,Da where are you
ham,INR 499.50 spent on your Kotak Bank card XX4848 at BOOKMYSHOW on 8-Sep. Not you? Block card from the app.
ham,Order delivered! Your BigBasket package was handed to you at 1:05 PM. Rate us in the app.
ham,Your Rapido captain Shiva is 6 min away. Bike KA55X2193.
ham,"Your FASTag XX7790 was charged Rs 90 at Attibele toll plaza. Bal Rs 1,200.50."
ham,"Dear Student, IA-1 for OS will be held on 21-Oct. Check the timetable on the college portal."
ham,887443 is the OTP for your transaction at Blinkit. Valid for 10 min. Never share OTP. -Union Bank
ham,Your Rapido captain Manju is 8 min away. Bike KA45X9486.
ham,"Your FASTag XX1822 was charged Rs 90 at Nelamangala toll plaza. Bal Rs 2,450.00."
ham,"Your FASTag XX9702 was charged Rs 135 at Hoskote toll plaza. Bal Rs 8,600.50."
ham,Your appointment with Dr Patil is confirmed for 9-Oct at 10:30 AM.
ham,"Your water bill of Rs 3,999.50 is generated. Due date 21-Oct. Pay via the official BWSSB portal."
ham,Your Rapido captain Imran is 5 min away. Bike KA05X5681.
ham,Your Rapido captain Imran is 4 min away. Bike KA21X9849.
ham,INR 150.00 spent on your Canara Bank card XX7275 at BIGBASKET on 23-Sep. Not you? Block card from the app.
ham,Order delivered! Your Blinkit package was handed to you at 7:20 PM. Rate us in the app.
ham,Your booking for Jawan at PVR is confirmed. Seats D2. Show at 4 PM.
ham,Your LPG cylinder booking is confirmed. Booking no 7534336. Delivery in 2 days. -Indane
ham,998348 is the OTP for your transaction at Meesho. Valid for 10 min. Never share OTP. -Union Bank
ham,Your appointment with Dr Rao is confirmed for 12-Oct at 11:30 AM.
ham,"Dear Student, IA-2 for DAA will be held on 24-Oct. Check the timetable on the college portal."
ham,Sure I am coming in 10 min
ham,Your Rapido captain Imran is 5 min away. Bike KA32X1475.
ham,"Dear Student, IA-2 for CN will be held on 24-Oct. Check the timetable on the college portal."
ham,Your Ajio order has been shipped and will arrive by tomorrow. Track it in the app.
ham,Ok I am coming in 10 min
ham,188025 is the OTP for your transaction at Rapido. Valid for 10 min. Never share OTP. -PNB
ham,"Your FASTag XX3977 was charged Rs 45 at Hoskote toll plaza. Bal Rs 1,200.50."
ham,"Dear Student, IA-2 for CN will be held on 9-Oct. Check the timetable on the college portal."
ham,"INR 2,450.00 spent on your ICICI Bank card XX6733 at MYNTRA on 21-Sep. Not you? Block card from the app."
ham,INR 49.00 spent on your Canara Bank card XX4266 at ZEPTO on 20-Sep. Not you? Block card from the app.
ham,"A/c XX4908 credited with INR 150.50 from PRIYA S via UPI. Avl bal INR 8,600.00. -Yes Bank"
ham,Your water bill of Rs 675.00 is generated. Due date 20-Oct. Pay via the official BWSSB portal.
ham,A/c XX3683 debited INR 499.00 for UPI to meesho@okaxis. Ref 9410288290. -Union Bank
ham,Order delivered! Your Blinkit package was handed to you at 10:45 PM. Rate us in the app.
ham,Your Rapido captain Ravi is 7 min away. Bike KA50X5941.
ham,A/c XX1672 debited INR 675.50 for UPI to irctc@okaxis. Ref 9886101513. -IDFC FIRST
ham,990844 is the OTP for your transaction at Rapido. Valid for 10 min. Never share OTP. -Yes Bank
ham,A/c XX8102 debited INR 675.50 for UPI to bigbasket@okaxis. Ref 2870403050. -Bank of Baroda
ham,Haan I am coming in 10 min
ham,Your LPG cylinder booking is confirmed. Booking no 5502929. Delivery in 2 days. -Indane
ham,Your booking for Kantara 2 at PVR is confirmed. Seats G3. Show at 5 PM.
ham,"Your FASTag XX4995 was charged Rs 230 at Attibele toll plaza. Bal Rs 8,600.50."
ham,Your booking for Devara at PVR is confirmed. Seats D11. Show at 3 PM.
ham,Your appointment with Dr Shetty is confirmed for 12-Oct at 11:30 AM.
ham,Your booking for Pushpa 3 at PVR is confirmed. Seats E9. Show at 9 PM.
ham,641722 is the OTP for your transaction at Myntra. Valid for 10 min. Never share OTP. -Kotak Bank
ham,Your Rapido captain Shiva is 5 min away. Bike KA36X4937.
ham,Your appointment with Dr Patil is confirmed for 15-Oct at 9:30 AM.
ham,INR 499.00 spent on your Union Bank card XX4986 at BOOKMYSHOW on 22-Sep. Not you? Block card from the app.
ham,"Refund of Rs 2,450.50 for your cancelled Nykaa order has been initiated. It will reach your account in 3-5 working days."
ham,Done see you tomorrow
ham,Your FASTag XX5438 was charged Rs 135 at Hoskote toll plaza. Bal Rs 230.00.
ham,Order delivered! Your Meesho package was handed to you at 2:45 PM. Rate us in the app.
ham,Order delivered! Your Ajio package was handed to you at 5:45 PM. Rate us in the app.
ham,Machaa canteen?
ham,A/c XX4180 debited INR 499.00 for UPI to irctc@okaxis. Ref 6065662867. -ICICI Bank
ham,Use OTP 1893 to log in to Myntra. Do not share this code with anyone.
ham,"A/c XX9042 credited with INR 99.00 from ARJUN via UPI. Avl bal INR 2,450.50. -Yes Bank"
ham,Your booking for Kantara 2 at PVR is confirmed. Seats A9. Show at 8 PM.
ham,"A/c XX2070 debited INR 1,200.50 for UPI to blinkit@okaxis. Ref 3948284698. -PNB"
ham,"A/c XX5978 credited with INR 99.00 from PRIYA S via UPI. Avl bal INR 3,999.50. -Canara Bank"
ham,Da did you submit the assignment
ham,"Your FASTag XX5871 was charged Rs 230 at Hoskote toll plaza. Bal Rs 8,600.00."
ham,A/c XX4404 debited INR 230.50 for UPI to blinkit@okaxis. Ref 1674555072. -PNB
ham,Ok reached home
ham,528361 is the OTP for your transaction at Dominos. Valid for 10 min. Never share OTP. -Yes Bank
ham,Your Vi plan expires in 2 days. Recharge in the official app to continue services.
ham,Your Airtel plan expires in 4 days. Recharge in the official app to continue services.
ham,INR 230.50 spent on your Canara Bank card XX7965 at BLINKIT on 18-Sep. Not you? Block card from the app.
ham,Your Rapido captain Manju is 4 min away. Bike KA53X3330.
ham,INR 49.00 spent on your Bank of Baroda card XX5728 at DOMINOS on 4-Sep. Not you? Block card from the app.
ham,"Your FASTag XX5982 was charged Rs 230 at Hoskote toll plaza. Bal Rs 3,999.50."
ham,Your FASTag XX2317 was charged Rs 45 at Hoskote toll plaza. Bal Rs 675.50.
ham,195763 is the OTP for your transaction at Myntra. Valid for 10 min. Never share OTP. -ICICI Bank
ham,"Your water bill of Rs 8,600.00 is generated. Due date 25-Oct. Pay via the official BWSSB portal."
ham,Your Ajio order has been shipped and will arrive by Monday. Track it in the app.
ham,"Your FASTag XX5557 was charged Rs 90 at Attibele toll plaza. Bal Rs 1,200.50."
ham,"INR 2,450.50 spent on your Union Bank card XX6460 at IRCTC on 22-Sep. Not you? Block card from the app."
ham,A/c XX3634 debited INR 675.50 for UPI to dominos@okaxis. Ref 9354542654. -ICICI Bank
ham,Your FASTag XX2442 was charged Rs 135 at Hoskote toll plaza. Bal Rs 675.00.
ham,"Dear Student, IA-3 for DBMS will be held on 22-Oct. Check the timetable on the college portal."
ham,Use OTP 4073 to log in to Meesho. Do not share this code with anyone.
ham,Your appointment with Dr Patil is confirmed for 25-Oct at 9:30 AM.
ham,Order delivered! Your Myntra package was handed to you at 9:05 PM. Rate us in the app.
ham,Your Jio plan expires in 4 days. Recharge in the official app to continue services.
ham,"A/c XX1472 debited INR 8,600.00 for UPI to bigbasket@okaxis. Ref 9648665968. -Union Bank"
ham,INR 230.00 spent on your Yes Bank card XX2924 at BIGBASKET on 16-Sep. Not you? Block card from the app.
ham,Your appointment with Dr Patil is confirmed for 8-Oct at 12:30 AM.
ham,Order delivered! Your BigBasket package was handed to you at 2:20 PM. Rate us in the app.
ham,Your LPG cylinder booking is confirmed. Booking no 6702160. Delivery in 2 days. -Indane
ham,Your Airtel plan expires in 5 days. Recharge in the official app to continue services.
ham,Your appointment with Dr Shetty is confirmed for 15-Oct at 12:30 AM.
ham,Refund of Rs 675.50 for your cancelled Ajio order has been initiated. It will reach your account in 3-5 working days.
ham,Your booking for Kantara 2 at PVR is confirmed. Seats F8. Show at 10 PM.
ham,"Dear Student, IA-1 for CN will be held on 2-Oct. Check the timetable on the college portal."
ham,Your booking for Jawan at PVR is confirmed. Seats F13. Show at 7 PM.
ham,A/c XX9115 credited with INR 49.00 from MEENA K via UPI. Avl bal INR 99.50. -Kotak Bank
ham,A/c XX7717 credited with INR 150.00 from NIKHIL P via UPI. Avl bal INR 499.50. -Union Bank
ham,INR 675.50 spent on your IDFC FIRST card XX8994 at NYKAA on 2-Sep. Not you? Block card from the app.
ham,INR 230.50 spent on your Canara Bank card XX2480 at RAPIDO on 4-Sep. Not you? Block card from the app.
ham,A/c XX8269 debited INR 150.50 for UPI to zepto@okaxis. Ref 5492496998. -ICICI Bank
ham,Your Airtel plan expires in 3 days. Recharge in the official app to continue services.
ham,Your LPG cylinder booking is confirmed. Booking no 3442255. Delivery in 2 days. -Indane
ham,Your Rapido captain Shiva is 6 min away. Bike KA44X3950.
ham,Your BigBasket order has been shipped and will arrive by tomorrow. Track it in the app.
ham,"Dear Student, IA-3 for OS will be held on 16-Oct. Check the timetable on the college portal."
ham,"A/c XX4804 credited with INR 2,450.50 from NIKHIL P via UPI. Avl bal INR 499.00. -Yes Bank"
ham,"Your FASTag XX6661 was charged Rs 135 at Attibele toll plaza. Bal Rs 1,200.50."
ham,"Your FASTag XX5949 was charged Rs 90 at Hoskote toll plaza. Bal Rs 2,450.00."
ham,Your Rapido captain Shiva is 6 min away. Bike KA23X5847.
ham,Your Vi plan expires in 4 days. Recharge in the official app to continue services.
ham,Your water bill of Rs 49.00 is generated. Due date 20-Oct. Pay via the official BWSSB portal.
ham,Your appointment with Dr Iyer is confirmed for 25-Oct at 10:30 AM.
ham,Refund of Rs 230.00 for your cancelled Myntra order has been initiated. It will reach your account in 3-5 working days.
ham,A/c XX2591 credited with INR 49.50 from NIKHIL P via UPI. Avl bal INR 49.50. -PNB
ham,INR 499.50 spent on your Union Bank card XX3877 at MYNTRA on 5-Sep. Not you? Block card from the app.
ham,Your Myntra order has been shipped and will arrive by Friday. Track it in the app.
ham,Your Airtel plan expires in 1 days. Recharge in the official app to continue services.
ham,"Your FASTag XX2233 was charged Rs 90 at Nelamangala toll plaza. Bal Rs 1,200.50."
ham,"INR 1,200.00 spent on your Bank of Baroda card XX9791 at BLINKIT on 15-Sep. Not you? Block card from the app."
ham,Refund of Rs 499.50 for your cancelled Meesho order has been initiated. It will reach your account in 3-5 working days.
ham,"A/c XX4830 debited INR 2,450.00 for UPI to meesho@okaxis. Ref 7706193636. -Canara Bank"
ham,"INR 2,450.50 spent on your Union Bank card XX2911 at BIGBASKET on 2-Sep. Not you? Block card from the app."
ham,Use OTP 5986 to log in to Ajio. Do not share this code with anyone.
ham,A/c XX2592 debited INR 230.00 for UPI to rapido@okaxis. Ref 7243352390. -Union Bank
ham,A/c XX7797 credited with INR 99.50 from SANJAY via UPI. Avl bal INR 499.00. -IDFC FIRST
ham,Order delivered! Your Ajio package was handed to you at 8:05 PM. Rate us in the app.
ham,Refund of Rs 99.50 for your cancelled Meesho order has been initiated. It will reach your account in 3-5 working days.
ham,Use OTP 7523 to log in to Myntra. Do not share this code with anyone.
ham,Order delivered! Your Blinkit package was handed to you at 8:05 PM. Rate us in the app.
ham,Order delivered! Your Zepto package was handed to you at 1:20 PM. Rate us in the app.
ham,Your Rapido captain Manju is 8 min away. Bike KA37X4362.
ham,"INR 3,999.00 spent on your Canara Bank card XX4817 at IRCTC on 25-Sep. Not you? Block card from the app."
ham,"A/c XX1046 credited with INR 499.00 from KIRAN M via UPI. Avl bal INR 3,999.50. -PNB"
ham,A/c XX1422 debited INR 150.00 for UPI to irctc@okaxis. Ref 2390587865. -PNB
ham,Your water bill of Rs 49.00 is generated. Due date 24-Oct. Pay via the official BWSSB portal.
ham,Your LPG cylinder booking is confirmed. Booking no 9826250. Delivery in 2 days. -Indane
ham,"A/c XX2041 debited INR 2,450.50 for UPI to irctc@okaxis. Ref 5763350700. -Canara Bank"
ham,Use OTP 9543 to log in to Myntra. Do not share this code with anyone.
ham,"Your FASTag XX1510 was charged Rs 45 at Hoskote toll plaza. Bal Rs 1,200.50."
ham,"A/c XX9032 debited INR 2,450.00 for UPI to blinkit@okaxis. Ref 1637088959. -PNB"
ham,"Your water bill of Rs 8,600.50 is generated. Due date 13-Oct. Pay via the official BWSSB portal."
ham,Machaa did you submit the assignment
ham,"A/c XX2874 debited INR 3,999.00 for UPI to rapido@okaxis. Ref 6276339732. -IDFC FIRST"
ham,Your FASTag XX7532 was charged Rs 230 at Attibele toll plaza. Bal Rs 99.50.
ham,Your LPG cylinder booking is confirmed. Booking no 6243275. Delivery in 2 days. -Indane
ham,Your water bill of Rs 675.00 is generated. Due date 22-Oct. Pay via the official BWSSB portal.
ham,Your appointment with Dr Rao is confirmed for 3-Oct at 9:30 AM.
ham,"INR 1,200.00 spent on your IDFC FIRST card XX3131 at NYKAA on 2-Sep. Not you? Block card from the app."
ham,Your LPG cylinder booking is confirmed. Booking no 6932391. Delivery in 2 days. -Indane
ham,Your LPG cylinder booking is confirmed. Booking no 1863121. Delivery in 2 days. -Indane
ham,A/c XX9313 debited INR 230.00 for UPI to dominos@okaxis. Ref 5759761714. -IDFC FIRST
ham,"A/c XX5564 debited INR 8,600.00 for UPI to rapido@okaxis. Ref 9702693937. -Bank of Baroda"
ham,289179 is the OTP for your transaction at Bookmyshow. Valid for 10 min. Never share OTP. -Bank of Baroda
ham,Your booking for Pushpa 3 at PVR is confirmed. Seats A6. Show at 3 PM.
ham,"Dear Student, IA-1 for OS will be held on 24-Oct. Check the timetable on the college portal."
ham,196214 is the OTP for your transaction at Nykaa. Valid for 10 min. Never share OTP. -Canara Bank
ham,"Dear Student, IA-2 for CN will be held on 11-Oct. Check the timetable on the college portal."
ham,Your Meesho order has been shipped and will arrive by Friday. Track it in the app.
ham,Your booking for Devara at PVR is confirmed. Seats A5. Show at 3 PM.
ham,Use OTP 2336 to log in to Myntra. Do not share this code with anyone.
ham,"Your FASTag XX7947 was charged Rs 230 at Attibele toll plaza. Bal Rs 2,450.50."
ham,Your water bill of Rs 230.00 is generated. Due date 12-Oct. Pay via the official BWSSB portal.
ham,Your LPG cylinder booking is confirmed. Booking no 2860421. Delivery in 2 days. -Indane
ham,Your Jio plan expires in 5 days. Recharge in the official app to continue services.
ham,"Dear Student, IA-3 for DBMS will be held on 1-Oct. Check the timetable on the college portal."
ham,Order delivered! Your Myntra package was handed to you at 4:05 PM. Rate us in the app.
ham,Your water bill of Rs 499.50 is generated. Due date 4-Oct. Pay via the official BWSSB portal.
ham,621546 is the OTP for your transaction at Rapido. Valid for 10 min. Never share OTP. -PNB
ham,"A/c XX7229 credited with INR 3,999.00 from MEENA K via UPI. Avl bal INR 99.50. -ICICI Bank"
ham,Your LPG cylinder booking is confirmed. Booking no 1314430. Delivery in 2 days. -Indane
ham,"Your FASTag XX2275 was charged Rs 135 at Attibele toll plaza. Bal Rs 1,200.50."
ham,Your LPG cylinder booking is confirmed. Booking no 5857259. Delivery in 2 days. -Indane
ham,A/c XX7636 debited INR 49.50 for UPI to bigbasket@okaxis. Ref 7949795085. -IDFC FIRST
ham,"INR 1,200.00 spent on your Canara Bank card XX8138 at MEESHO on 13-Sep. Not you? Block card from the app."
ham,Bro did you submit the assignment
ham,Your Airtel plan expires in 2 days. Recharge in the official app to continue services.
ham,Your booking for Kantara 2 at PVR is confirmed. Seats A17. Show at 2 PM.
ham,Refund of Rs 675.00 for your cancelled Dunzo order has been initiated. It will reach your account in 3-5 working days.
ham,A/c XX3399 debited INR 499.00 for UPI to bigbasket@okaxis. Ref 3587283948. -Kotak Bank
ham,Your Ajio order has been shipped and will arrive by Friday. Track it in the app.
ham,"Your FASTag XX6295 was charged Rs 135 at Nelamangala toll plaza. Bal Rs 2,450.00."
ham,Your appointment with Dr Patil is confirmed for 21-Oct at 11:30 AM.
ham,"Your water bill of Rs 8,600.00 is generated. Due date 12-Oct. Pay via the official BWSSB portal."
ham,Bro canteen?
ham,Your FASTag XX8404 was charged Rs 45 at Nelamangala toll plaza. Bal Rs 675.50.
ham,INR 99.50 spent on your Yes Bank card XX1672 at DOMINOS on 26-Sep. Not you? Block card from the app.
ham,Order delivered! Your Meesho package was handed to you at 10:20 PM. Rate us in the app.
ham,Bro send the lab record pic
ham,Your FASTag XX2695 was charged Rs 135 at Attibele toll plaza. Bal Rs 99.00.
ham,Use OTP 5059 to log in to Ajio. Do not share this code with anyone.
ham,Your FASTag XX9586 was charged Rs 90 at Hoskote toll plaza. Bal Rs 675.50.
ham,"Dear Student, IA-2 for ML will be held on 22-Oct. Check the timetable on the college portal."
ham,Use OTP 6482 to log in to Blinkit. Do not share this code with anyone.
ham,Your booking for Devara at PVR is confirmed. Seats E13. Show at 5 PM.
ham,"Your water bill of Rs 8,600.00 is generated. Due date 11-Oct. Pay via the official BWSSB portal."
ham,"INR 8,600.00 spent on your IDFC FIRST card XX6082 at RAPIDO on 5-Sep. Not you? Block card from the app."
ham,INR 499.50 spent on your IDFC FIRST card XX3093 at NYKAA on 3-Sep. Not you? Block card from the app.
ham,Your LPG cylinder booking is confirmed. Booking no 9531021. Delivery in 2 days. -Indane
ham,Refund of Rs 49.50 for your cancelled Myntra order has been initiated. It will reach your account in 3-5 working days.
ham,Your Dunzo order has been shipped and will arrive by Friday. Track it in the app.
ham,Your appointment with Dr Shetty is confirmed for 8-Oct at 10:30 AM.
ham,A/c XX2264 credited with INR 499.00 from ANIL via UPI. Avl bal INR 675.00. -Union Bank
ham,A/c XX3658 credited with INR 150.00 from NIKHIL P via UPI. Avl bal INR 49.50. -IDFC FIRST
ham,Your Rapido captain Shiva is 6 min away. Bike KA19X8355.
ham,Your Rapido captain Manju is 4 min away. Bike KA52X8684.
ham,Order delivered! Your Meesho package was handed to you at 11:45 PM. Rate us in the app.
ham,"Your FASTag XX8564 was charged Rs 135 at Hoskote toll plaza. Bal Rs 3,999.50."
ham,Your Dunzo order has been shipped and will arrive by Monday. Track it in the app.
ham,"A/c XX5096 credited with INR 49.50 from MEENA K via UPI. Avl bal INR 3,999.00. -Kotak Bank"
ham,"Your water bill of Rs 2,450.00 is generated. Due date 27-Oct. Pay via the official BWSSB portal."
ham,Your LPG cylinder booking is confirmed. Booking no 2538698. Delivery in 2 days. -Indane
ham,Your Rapido captain Shiva is 4 min away. Bike KA60X1436.
ham,Your LPG cylinder booking is confirmed. Booking no 1893502. Delivery in 2 days. -Indane
ham,"Dear Student, IA-3 for ML will be held on 8-Oct. Check the timetable on the college portal."
ham,"Dear Student, IA-1 for ML will be held on 8-Oct. Check the timetable on the college portal."
ham,434165 is the OTP for your transaction at Blinkit. Valid for 10 min. Never share OTP. -IDFC FIRST
ham,A/c XX3254 credited with INR 49.50 from NIKHIL P via UPI. Avl bal INR 150.50. -Yes Bank
ham,183074 is the OTP for your transaction at Zepto. Valid for 10 min. Never share OTP. -Bank of Baroda
ham,Order delivered! Your BigBasket package was handed to you at 9:45 PM. Rate us in the app.
ham,Your BSNL plan expires in 3 days. Recharge in the official app to continue services.
ham,A/c XX1782 debited INR 230.50 for UPI to meesho@okaxis. Ref 2963288053. -Kotak Bank
ham,Your appointment with Dr Rao is confirmed for 21-Oct at 10:30 AM.
ham,"A/c XX5772 credited with INR 1,200.00 from MEENA K via UPI. Avl bal INR 230.50. -PNB"
ham,"INR 3,999.50 spent on your Kotak Bank card XX9618 at NYKAA on 17-Sep. Not you? Block card from the app."
ham,Machaa send the lab record pic
ham,"Dear Student, IA-2 for DBMS will be held on 21-Oct. Check the timetable on the college portal."
ham,"Dear Student, IA-2 for ML will be held on 24-Oct. Check the timetable on the college portal."
ham,474440 is the OTP for your transaction at Blinkit. Valid for 10 min. Never share OTP. -IDFC FIRST
ham,Your Rapido captain Ravi is 8 min away. Bike KA38X6447.
ham,"A/c XX1726 credited with INR 675.50 from KIRAN M via UPI. Avl bal INR 2,450.50. -PNB"
ham,"A/c XX2033 credited with INR 2,450.00 from ARJUN via UPI. Avl bal INR 230.00. -Canara Bank"
ham,Use OTP 6170 to log in to Myntra. Do not share this code with anyone.
ham,Da what time is the bus
ham,Your appointment with Dr Iyer is confirmed for 2-Oct at 10:30 AM.
ham,Your booking for Pushpa 3 at PVR is confirmed. Seats A12. Show at 7 PM.
ham,"Dear Student, IA-3 for CN will be held on 13-Oct. Check the timetable on the college portal."
ham,Your booking for Kantara 2 at PVR is confirmed. Seats D16. Show at 6 PM.
ham,Your LPG cylinder booking is confirmed. Booking no 2324175. Delivery in 2 days. -Indane
ham,Your LPG cylinder booking is confirmed. Booking no 4027557. Delivery in 2 days. -Indane
smishing,Your parcel is held at customs for fake passports. Contact Narcotics officer on 9920746667 to avoid arrest
smishing,"Congratulations! You won Rs 10,00,000 in Airtel lucky draw. Pay registration fee to claim: tinyurl.com/8305w"
smishing,Your parcel is held at customs for illegal items. Contact Narcotics officer on 9969580374 to avoid arrest
smishing,"Congratulations! You won Rs 25,00,000 in Jio lucky draw. Pay registration fee to claim: cutt.ly/6776w"
smishing,Your parcel is held at customs for fake passports. Contact Narcotics officer on 8817698469 to avoid arrest
smishing,Dear customer your Union Bank account is suspended due to incomplete KYC. Update now: http://kotak-support.online
smishing,Dear customer your PNB account is suspended due to incomplete KYC. Update now: http://update-icici-account.site
smishing,Your gas connection will be disconnected tonight due to unpaid bill. Call officer 9796592295 now
smishing,"Congratulations! You won Rs 25,00,000 in Airtel lucky draw. Pay registration fee to claim: cutt.ly/1530w"
smishing,Your parcel is held at customs for drugs. Contact Customs officer on 9059790013 to avoid arrest
smishing,"Congratulations! You won Rs 25,00,000 in Jio lucky draw. Pay registration fee to claim: cutt.ly/3255w"
smishing,Your parcel is held at customs for fake passports. Contact Narcotics officer on 9097182566 to avoid arrest
smishing,"Congratulations! You won Rs 5,00,000 in Jio lucky draw. Pay registration fee to claim: bit.ly/4048w"
smishing,Part time job: earn Rs 6000 daily by rating products. Message HR on Telegram t.me/work_asha16
smishing,"Congratulations! You won Rs 25,00,000 in Flipkart lucky draw. Pay registration fee to claim: tinyurl.com/4515w"
smishing,Your parcel is held at customs for fake passports. Contact Customs officer on 9036867482 to avoid arrest
smishing,Dear customer your PNB account is suspended due to incomplete KYC. Update now: http://secure-verify-canara.in
smishing,Your water connection will be disconnected tonight due to unpaid bill. Call officer 8121783073 now
smishing,Share the OTP you received to claim your cashback. Our executive will call you. -IDFC FIRST team
smishing,Rs 675.00 sent to your UPI by mistake. Kindly return it immediately using this link upi://pay?pa=return70@ybl
smishing,"Congratulations! You won Rs 25,00,000 in Jio lucky draw. Pay registration fee to claim: cutt.ly/3852w"
smishing,Share the OTP you received to stop the unauthorized debit. Our executive will call you. -Canara Bank team
smishing,Dear customer your Canara Bank account is suspended due to incomplete KYC. Update now: http://kotak-kyc-update.co
smishing,Share the OTP you received to stop the unauthorized debit. Our executive will call you. -ICICI Bank team
smishing,"Congratulations! You won Rs 10,00,000 in Flipkart lucky draw. Pay registration fee to claim: tinyurl.com/8657w"
smishing,Share the OTP you received to claim your cashback. Our executive will call you. -PNB team
smishing,Your parcel is held at customs for drugs. Contact CBI officer on 9063440127 to avoid arrest
smishing,"Rs 2,450.50 sent to your UPI by mistake. Kindly return it immediately using this link upi://pay?pa=refund74@ybl"
smishing,Dear customer your PNB account is suspended due to incomplete KYC. Update now: http://icici-support.online
smishing,Part time job: earn Rs 4000 daily by reviewing hotels. Message HR on Telegram t.me/work_asha45
smishing,Your water connection will be disconnected tonight due to unpaid bill. Call officer 9727318510 now
smishing,Part time job: earn Rs 6000 daily by liking videos. Message HR on Telegram t.me/hr_neha67
smishing,Your electricity connection will be disconnected tonight due to unpaid bill. Call officer 9731738837 now
smishing,"Congratulations! You won Rs 10,00,000 in Jio lucky draw. Pay registration fee to claim: tinyurl.com/9501w"
smishing,"Congratulations! You won Rs 5,00,000 in Airtel lucky draw. Pay registration fee to claim: bit.ly/5496w"
smishing,Your water connection will be disconnected tonight due to unpaid bill. Call officer 7092467167 now
smishing,Your parcel is held at customs for drugs. Contact Customs officer on 8832633927 to avoid arrest
smishing,Your parcel is held at customs for illegal items. Contact CBI officer on 9998413629 to avoid arrest
smishing,Your parcel is held at customs for illegal items. Contact Customs officer on 9085647532 to avoid arrest
smishing,Dear customer your ICICI Bank account is suspended due to incomplete KYC. Update now: http://secure-verify-icici.in
smishing,"Rs 8,600.50 sent to your UPI by mistake. Kindly return it immediately using this link upi://pay?pa=return27@ybl"
smishing,Share the OTP you received to claim your cashback. Our executive will call you. -Union Bank team
smishing,Your parcel is held at customs for illegal items. Contact CBI officer on 9094176528 to avoid arrest
smishing,Your parcel is held at customs for fake passports. Contact Customs officer on 9074819756 to avoid arrest
smishing,Your water connection will be disconnected tonight due to unpaid bill. Call officer 8149920898 now
smishing,Part time job: earn Rs 2000 daily by reviewing hotels. Message HR on Telegram t.me/hr_neha21
smishing,Part time job: earn Rs 4000 daily by rating products. Message HR on Telegram t.me/jobdesk_ind27
smishing,"Congratulations! You won Rs 10,00,000 in Jio lucky draw. Pay registration fee to claim: tinyurl.com/6231w"
smishing,Rs 675.50 sent to your UPI by mistake. Kindly return it immediately using this link upi://pay?pa=help98@ybl
smishing,"Congratulations! You won Rs 10,00,000 in Flipkart lucky draw. Pay registration fee to claim: bit.ly/6228w"
smishing,Your electricity connection will be disconnected tonight due to unpaid bill. Call officer 9845899440 now
smishing,Part time job: earn Rs 2000 daily by liking videos. Message HR on Telegram t.me/hr_neha7
smishing,"Congratulations! You won Rs 25,00,000 in Flipkart lucky draw. Pay registration fee to claim: tinyurl.com/5067w"
smishing,Share the OTP you received to activate your new card. Our executive will call you. -IDFC FIRST team
smishing,Your parcel is held at customs for illegal items. Contact Narcotics officer on 9931386576 to avoid arrest
smishing,Part time job: earn Rs 6000 daily by rating products. Message HR on Telegram t.me/jobdesk_ind40
smishing,Part time job: earn Rs 2000 daily by liking videos. Message HR on Telegram t.me/jobdesk_ind65
smishing,Part time job: earn Rs 2000 daily by liking videos. Message HR on Telegram t.me/work_asha46
smishing,Dear customer your ICICI Bank account is suspended due to incomplete KYC. Update now: http://canara-support.online
smishing,Your parcel is held at customs for illegal items. Contact Customs officer on 9048352498 to avoid arrest
smishing,Your parcel is held at customs for drugs. Contact CBI officer on 9027976443 to avoid arrest
smishing,"Congratulations! You won Rs 10,00,000 in Airtel lucky draw. Pay registration fee to claim: tinyurl.com/6995w"
smishing,Dear customer your Union Bank account is suspended due to incomplete KYC. Update now: http://secure-verify-kotak.in
smishing,"Congratulations! You won Rs 10,00,000 in Airtel lucky draw. Pay registration fee to claim: bit.ly/7329w"
smishing,Your parcel is held at customs for fake passports. Contact Customs officer on 9093650068 to avoid arrest
smishing,"Rs 8,600.00 sent to your UPI by mistake. Kindly return it immediately using this link upi://pay?pa=help13@ybl"
smishing,Part time job: earn Rs 4000 daily by rating products. Message HR on Telegram t.me/work_asha47
smishing,Share the OTP you received to activate your new card. Our executive will call you. -Canara Bank team
smishing,Your parcel is held at customs for illegal items. Contact Narcotics officer on 8815402922 to avoid arrest
smishing,Dear customer your ICICI Bank account is suspended due to incomplete KYC. Update now: http://pnb-kyc-update.co
smishing,Share the OTP you received to stop the unauthorized debit. Our executive will call you. -Yes Bank team
smishing,Your water connection will be disconnected tonight due to unpaid bill. Call officer 9754018830 now
smishing,Your parcel is held at customs for fake passports. Contact CBI officer on 9092745294 to avoid arrest
smishing,Rs 499.50 sent to your UPI by mistake. Kindly return it immediately using this link upi://pay?pa=return66@ybl
smishing,Your parcel is held at customs for fake passports. Contact Customs officer on 8850237208 to avoid arrest
smishing,Part time job: earn Rs 2000 daily by rating products. Message HR on Telegram t.me/jobdesk_ind87
smishing,Dear customer your Union Bank account is suspended due to incomplete KYC. Update now: http://icici-support.online
smishing,Your parcel is held at customs for fake passports. Contact Narcotics officer on 8887641510 to avoid arrest
smishing,Your parcel is held at customs for drugs. Contact Customs officer on 9988319168 to avoid arrest
smishing,Part time job: earn Rs 2000 daily by reviewing hotels. Message HR on Telegram t.me/work_asha93
smishing,Your parcel is held at customs for fake passports. Contact CBI officer on 8842507072 to avoid arrest
smishing,Dear customer your Kotak Bank account is suspended due to incomplete KYC. Update now: http://icici-kyc-update.co
smishing,Part time job: earn Rs 4000 daily by rating products. Message HR on Telegram t.me/hr_neha53
smishing,Rs 230.50 sent to your UPI by mistake. Kindly return it immediately using this link upi://pay?pa=return79@ybl
smishing,Part time job: earn Rs 6000 daily by reviewing hotels. Message HR on Telegram t.me/hr_neha91
smishing,Your water connection will be disconnected tonight due to unpaid bill. Call officer 9785280948 now
smishing,"Congratulations! You won Rs 10,00,000 in Airtel lucky draw. Pay registration fee to claim: cutt.ly/7173w"
smishing,"Congratulations! You won Rs 5,00,000 in Airtel lucky draw. Pay registration fee to claim: cutt.ly/6608w"
smishing,Your parcel is held at customs for fake passports. Contact Customs officer on 8896343485 to avoid arrest
smishing,Share the OTP you received to claim your cashback. Our executive will call you. -Bank of Baroda team
smishing,Your parcel is held at customs for fake passports. Contact CBI officer on 9947447604 to avoid arrest
smishing,Your parcel is held at customs for fake passports. Contact CBI officer on 9048789478 to avoid arrest
smishing,Rs 230.50 sent to your UPI by mistake. Kindly return it immediately using this link upi://pay?pa=refund62@ybl
smishing,"Congratulations! You won Rs 10,00,000 in Flipkart lucky draw. Pay registration fee to claim: tinyurl.com/5715w"
smishing,Dear customer your Union Bank account is suspended due to incomplete KYC. Update now: http://update-pnb-account.site
smishing,Share the OTP you received to activate your new card. Our executive will call you. -Bank of Baroda team
smishing,Dear customer your Bank of Baroda account is suspended due to incomplete KYC. Update now: http://secure-verify-pnb.in
smishing,Part time job: earn Rs 6000 daily by rating products. Message HR on Telegram t.me/work_asha62
smishing,Your gas connection will be disconnected tonight due to unpaid bill. Call officer 7085432781 now
smishing,Rs 499.00 sent to your UPI by mistake. Kindly return it immediately using this link upi://pay?pa=help79@ybl
smishing,"Rs 8,600.00 sent to your UPI by mistake. Kindly return it immediately using this link upi://pay?pa=help7@ybl"
smishing,"Rs 3,999.00 sent to your UPI by mistake. Kindly return it immediately using this link upi://pay?pa=return30@ybl"
smishing,Dear customer your Kotak Bank account is suspended due to incomplete KYC. Update now: http://update-pnb-account.site
smishing,"Rs 2,450.00 sent to your UPI by mistake. Kindly return it immediately using this link upi://pay?pa=return99@ybl"
smishing,Your gas connection will be disconnected tonight due to unpaid bill. Call officer 9764614193 now
smishing,"Rs 2,450.50 sent to your UPI by mistake. Kindly return it immediately using this link upi://pay?pa=return26@ybl"
smishing,Share the OTP you received to stop the unauthorized debit. Our executive will call you. -IDFC FIRST team
smishing,"Congratulations! You won Rs 10,00,000 in Jio lucky draw. Pay registration fee to claim: bit.ly/4804w"
smishing,Your parcel is held at customs for illegal items. Contact Customs officer on 9933496796 to avoid arrest
smishing,Part time job: earn Rs 2000 daily by liking videos. Message HR on Telegram t.me/jobdesk_ind64
smishing,Your water connection will be disconnected tonight due to unpaid bill. Call officer 7015028625 now
smishing,"Congratulations! You won Rs 25,00,000 in Flipkart lucky draw. Pay registration fee to claim: cutt.ly/9590w"
smishing,Part time job: earn Rs 2000 daily by reviewing hotels. Message HR on Telegram t.me/jobdesk_ind35
smishing,Your gas connection will be disconnected tonight due to unpaid bill. Call officer 7031809610 now
smishing,"Rs 2,450.50 sent to your UPI by mistake. Kindly return it immediately using this link upi://pay?pa=return24@ybl"
smishing,Dear customer your IDFC FIRST account is suspended due to incomplete KYC. Update now: http://kotak-support.online
smishing,Your water connection will be disconnected tonight due to unpaid bill. Call officer 8167405358 now
smishing,Your parcel is held at customs for fake passports. Contact CBI officer on 9099826000 to avoid arrest
smishing,Dear customer your PNB account is suspended due to incomplete KYC. Update now: http://canara-kyc-update.co
